{"cameraMode":{"drawMode":0,"name":"Shaded","section":"Shading Mode"},"sceneLighting":true,"audioPlay":false,"sceneViewState":{"m_AlwaysRefresh":false,"showFog":true,"showSkybox":true,"showFlares":true,"showImageEffects":true,"showParticleSystems":true,"showVisualEffectGraphs":true,"m_FxEnabled":true},"in2DMode":false,"pivot":{"x":486.4472351074219,"y":432.03173828125,"z":11.503326416015625},"rotation":{"x":-0.00006348351598717272,"y":-0.9938853979110718,"z":-0.11046615242958069,"w":0.000604549772106111},"size":465.6039733886719,"orthographic":false}